mdiggar0,fsqGC50R
landrasch1,YjaPPnJWd8D
dlightwing2,gqFD8wmzto
imarke3,Z3pKH5B
ashapera4,4IRDVyqQpI
cdelle5,bt1XioTXr
ileel6,ENpTcEokHr
ckirwood7,Tp6TEJ7S
fstocky8,7NIDEAzF
bcometson9,sAWCTX6
rjorgesena,VyZ32trnP9J
ibladerb,ccVBlu
abendleyc,frJpWDMeUnpE
hmccrawd,Mc7XoF02d
bkeasye,ZiPFDotlD
znowlandf,JsifVAU9gGq
kgregsong,gqkHYOE5T4Ff
gtomczakh,ZvmA6h7px
zhedditehi,zW6OOk4gR4
hstolworthyj,m4czHEAQqS
lreubbensk,Aa8CE9Xndt
crendbaekl,I7qhhsMvpywr
byegorkinm,6kIbUrrOLSM4
dcronkn,KbYx31
epetowo,QKmo55F
hhincksp,8u81NP
dspeakmanq,OgJ1YB6
klavarackr,4zTRA2e
cdipietros,xObQHGCG4K
aaucklandt,25VjNdL1la
dbimsonu,7CU9P7qPw
yfairnv,XuKRy1j4
htattersw,p1opGQYOQe5
amacknishx,jmynjICD7dN6
mgasconey,M18Gn3Nq
rrochellez,2vYj8Rbpocfe
cstuer10,WBCaBE
tanchor11,hw0dRMArOLbU
ksarver12,0trrbRu2
ariseborough13,SZY6EsaWJ0
vlesor14,BvFuj793Zh8E
nmillimoe15,ipuJ8mlrbb
abroomer16,swPqXION4
mrosenblatt17,FZAzTgY
lberthelet18,JGi6nmW1mlPa
vfinicj19,uyW7aH
bjeram1a,na2YDL4w2eY
fmccoole1b,ZJkwfODR7afW
lblasik1c,7cn9W2yda6p
lalesi1d,5U9QZPiIG
jduchasteau1e,vpuIHKPF
nbickerstasse1f,4jdOdcJOK
ncork1g,RA5To95rgB
rosheils1h,QsooO4j6
kkettow1i,LRGe29B
cadvani1j,2xKmw5yfL
cbassindale1k,ozhmgM8
rapfler1l,apbSXb
dnusche1m,AgiQkT6cqDE
rsodory1n,mlA3eXRYfnw
khammerman1o,ilvptTnBxy
jmityashin1p,KZaR3mF
jblowfield1q,SzXWTY
gmacvagh1r,hKdWa5plu
uocullen1s,vHvhZEO33Zsb
lpaylor1t,d9ts4A
bcrossgrove1u,OAAtSglgLm
bjovis1v,5M6n4ZGIg3fy
eaucutt1w,kuXQiHw13
bdradey1x,UNIYmoTbY
ctanguy1y,X3TYb2C6gAO
hmorando1z,4z6Gxw133G
ostannas20,7I2Co6
jlymbourne21,Ftl6tBB
ugrigorini22,IiMlfKv
jespino23,v87L83E
twolfendale24,bJM4RhLD0
mover25,0VUaUqeD
wguise26,hSxIwS1wDF1
acairney27,rRureWw5Huun
ktalman28,nKIhjR
hgreenhalf29,1pyYNBhZ
mcroy2a,iC9olN7S
rmcmarquis2b,5sJOvLiv
gschindler2c,AizSHcqP2
vanthoine2d,z8w1ZNaU
hbartles2e,fw85Tszir
mbrompton2f,GnBEJzUClu
cpreon2g,ALzWU326Y
lstreat2h,8ReKIYX
csisey2i,HX7RPMOBVs
glucia2j,LLxZ94Ei40
nlerner2k,KSZeUQ
cdelahay2l,YPphtHBL5bf
jeouzan2m,b4NUCQMu
mletixier2n,6546aXDp
sbarfield2o,dRCKLwm
bdelf2p,3Ryymsa12F
nfarloe2q,qmGZG2B9j
sdemeza2r,2gyPGY
lcargo2s,9e2dn9sKMr
rabry2t,4UBMPdujhv
dpound2u,s2zXahmYx
kleedal2v,Be8Aqcay2j
jeadon2w,c3jVz7Q
dhallaways2x,atH043Qwtk
fhadfield2y,TJhB38zpE
mwollen2z,Dko1dP0BpFw
apedycan30,qgo0cZrACT6
nmaevela31,imjgffVVh
sschieferstein32,MT1m8C
orichten33,OYcMqNQ
ngoldes34,603779acH
ymagowan35,Wi11rN7Z
hdraysey36,eGRCQPUly
lbrosnan37,wWIqibwhd
daskell38,B4Jsll4x2
toblein39,09AnWKza
dlanchbery3a,Os7BJ5nn
rcourteney3b,1xYDlf9t6
bchristy3c,2FMPJW
ljaycox3d,ZPwYaVU7
xfillan3e,Uisi9mL8fHDC
ahayhow3f,nMJ0uAjFb
vtamblingson3g,oqEKcI
gveschambes3h,1Mjkqv
thacquoil3i,1eMsppltbV1
cverdun3j,CLQvMLJf2k2
ktoms3k,JxU0uPj
jlygoe3l,5mgZ3d
rwennam3m,rNWFwMhy
ebicksteth3n,4zvyNxmDKkwg
adory3o,2XvVvRQDLM
gwilse3p,bcruAqi
mdepietri3q,OkmOFCMm
jcridlan3r,aL8Jj0
mgremane3s,7jcr9NKMPG
bsante3t,ygqZSr0S
ohendriks3u,Tm2bdFc
rkupper3v,NIo3sb
ebarnet3w,KjQAChUIAan
scressor3x,JgcBCvhp
lnorssister3y,PzmDMmHsZ1
tnewey3z,kUoOfYxa8
dstiegars40,dhUjKJa
rnunnerley41,jzEfSX3R1FXg
dstanyer42,SFGAqZ5dg
fivanovic43,lwgiyqSKH
mblessed44,d7wDopS
isaenz45,RmOiCTu2Y
twimpeney46,KFEuAoKCXPo
socanavan47,5qRCDi
zmollison48,DnU1BK
kguillot49,SpozsgbFHI
itremellier4a,BRJRLZ79Ws
deverest4b,9j1yhT
bgodthaab4c,bFwYFr5J
mlough4d,Gvlk26WY
mdalrymple4e,KaRnqvsaHPo
mbeardsworth4f,v0oivV0
afosh4g,1csBvWTW6aq
jsmallpiece4h,AU03SgWLVNC
ejohnke4i,6wqpF62BQu6l
gsappy4j,Ncc2jXkNV5v7
ymordey4k,OU4EUNl
apurdey4l,V7WvWJYM
dprewer4m,F39kGV
ilockner4n,dveokM
cviegas4o,rrtq78rtNW80
bestabrook4p,YcCEW6hgy
rfellman4q,4xQBEelYw
hojeda4r,XzDDLjaAgE
bgowen4s,kd2KgrfTuU
hemeney4t,iZ1wRABi
pfrancescotti4u,WsdaxF2
kdenkel4v,3ecMLCG
rhartil4w,VrwQeO3rVjt
dfranzen4x,gQIOFvR
dhenworth4y,0y5Pa3KU8V
bgerraty4z,RSTU4yfXN17F
ugeorgievski50,CGIQiU6SDEK4
ykytter51,EdSsOPPx8db
gcranke52,Uh1D7diGv
xmulles53,rJbgKruWPkX
wpighills54,D7zGuZI
fmccrohon55,uBXjQnX
erastall56,DkJcdC9tKtv
adignum57,o54SKIFfrd
rnairy58,9fw6eUwf
zmorrish59,B6LNDvlE
stestro5a,YtPusnRJf
dannice5b,6FrY5R
dwissbey5c,CCP3up6vwh
csilkstone5d,n47XXyLuMh
joldknow5e,Yhv9yxr
rkhristyukhin5f,DykkNS
rbraithwait5g,SX0lQ7v5vM
tbamber5h,YEFSkAZ8
mglancey5i,dlnkchA4
kstrode5j,gFZrV0
cklimko5k,6F9jsATfGAx
pmunkton5l,75Kwalu2
kcopping5m,ppjfjg
jtrenholm5n,xupzDA9M0S9
gcarder5o,3PHDRHDEOg
bmillthorpe5p,TvMQGc0dpca9
mdoncaster5q,DIzrLWx
abloan5r,22mXejVnC
gfryett5s,hoeUGC7
ntrubshawe5t,gZdDUEMd
ccrone5u,7n5vjj7
bredington5v,GvE2bOcFVxH
bwhistlecroft5w,H4U5WkqoWH
tstrawbridge5x,BVY5EVwW
chammelberg5y,iK1NkxzfA
fcowlin5z,y9FeeNdV
dfellos60,lYnZJ5XlaF
bpoad61,JgPMwAyyG
mcurrum62,x0uXuF
tmeynell63,aPggPqPSk5
pskarr64,jolXPGz
cjobin65,gPEYt6sbhZm
ckunert66,4dQFZGbL8k
maleevy67,QOcutCGpO7
fgallihawk68,X2ZU1ZX
rthorneley69,m6Cka8LOcc
sgrasser6a,vffAREREHqSe
pgarlant6b,ZvHO3o
cgut6c,u8msdEi
mmcinnes6d,LGcjee2iF
nojeda6e,w8M7t56yjen6
bbuttgow6f,lMyl9DUGk5HD
anickerson6g,s4T7WXA
smarquand6h,3QBSSgGL
wwebby6i,gwEpvazeRz
xrawling6j,ceAPNRyZt
sbernardt6k,jFOMZTi
ecowdry6l,QVdAHQD
ajizhaki6m,BMDedfPqfp
rorwin6n,RrPDV58yeg
ebrunker6o,EYIdKE2hO8I
egowdie6p,V8RBPX88
tshemwell6q,JqA86HH
jkiljan6r,wwZdFAGW0e
habernethy6s,7I4ZE9d
jdeeson6t,OiuXgbxC
lfeak6u,kBt8xhL8K
sgrellis6v,vg25sM
ahibbart6w,Opupog8
mhatliff6x,rLKu9vlhBqUV
iesland6y,0hB2gvILI
dhusby6z,cZtq57Z8
mhalse70,zJXpqa
clushey71,5duEgw
dgiovanazzi72,4AGKJHzn
dwabb73,n6Ww10AiFkqT
bmcghie74,HgtlZYndr
mkyteley75,SndCHA
nskipsey76,EPz3wW6vaiR
gdare77,QUVZP3jI6jDa
lgammel78,WfXKcGO
jdummigan79,4InsCywjpcGT
agrishkov7a,aiuiDeF
ftruman7b,wOPd9d
hhaglinton7c,l2rPFnUMZ
ahaley7d,qUiFNMXm
mtejero7e,dEdfMl
estretton7f,79fjYfiM6
pfideler7g,z5gNneunMq
cvear7h,0p9eAj2fj
lgronw7i,LKJizpqgc
mbrewster7j,nTLNPF5uTFDZ
kmissington7k,mWelTJ2Cqtd
jdarbon7l,Opacqnc1Bf
jhatzar7m,YPO1EPM
cpollicatt7n,Z03YzvbTH
arudinger7o,TEUk1s
wbrankley7p,f2EPtHNUse
jsheasby7q,LdfQejPX
tiannelli7r,ZFNktV
jhemmingway7s,8D065qf0YH5
kauten7t,WzsfFWjcoI7
ebuckerfield7u,hkSV9jQk
jelderkin7v,SiZsPR
callin7w,VjT3p7f1EPT3
dogrady7x,6sZAqhHXSPlK
jdiggens7y,SnMFQBJ62
derrichiello7z,vvlcazoml
mkerridge80,0arht2DPOg6
bpython81,7rk8MrFhG
kmapholm82,XUrrqi01
ospilsbury83,MV4EmFc4S
lcastella84,4nLBA6LeMQMU
mpetrelli85,0KSyxV
gcrowne86,HJPSbG2NBKWs
pkeaton87,nh4ycIoop
cotimony88,J7q91qU8kgv
kderill89,l8DCcGY1rpS
tglenn8a,k3mp5J9e
chaking8b,gP0dYgFVz
vbonnet8c,Ol8i7SmCO
ahaythorn8d,lbRhWtNX
doduggan8e,ngQvTDQ
dlindenbluth8f,MtSWLqk4NxDI
swhellans8g,AINNwL
lwarrillow8h,5du0dEMD4c
jeastcott8i,qtqkazni48W
dmacdowall8j,t1qO4dC3e5mO
wvoelker8k,jZYAz8vYg1jG
mmarcinkowski8l,KSfmImtC
bvawton8m,AtyGWf
gbiers8n,rP7WHdZIHz
gbottell8o,797V3Y
bgeraghty8p,3bKbCR
rdibnah8q,mPOaUQaJm
nbing8r,zenAkIAoJ
creynalds8s,NB4fFLVtPR4
bgarwood8t,WpmVoAMf
maykroyd8u,axhSfGDHOwv
eeliassen8v,9AhxbPjyj1Jy
cyannoni8w,id1ng8WDnh9
apeto8x,r7ScfE7b5
ksemeradova8y,hknqgsWlH2qV
rpye8z,VqbVlOC7xX
afursey90,KcizaQzBXW
rgosse91,gA2pYjKhBQzh
mmewis92,dbDsHro
kromanin93,74ivORQZ0
mswainston94,CyRyo6
dquincee95,9ut8z63qAAdL
dslyford96,KlxaYSFu
jwesterman97,LBOHPf
epagelsen98,Tr8cSec9
abeckhurst99,AnFBr7EC4f
kduthie9a,pY68m7O
tech9b,DHvYJHN5
cclutterbuck9c,uWKSglq
akeeves9d,bXbhfuryN
ehadwick9e,vrNRsCKS9Mz4
azecchinelli9f,JSJJvRgNAK
ceardley9g,fABleqfzre
rkerford9h,GXhDInVm
jboken9i,VXMMG8x
wgoodinge9j,daO0bp
rhedan9k,tlt3l1AI02sS
chadaway9l,l8tk0N
cvolage9m,dAAP1b21
hrappport9n,VLql4Rqjwwx
ccolpus9o,iTPycw5kru
apaff9p,Ku0F5k7H20h8
ispring9q,kbDJWKv8S
aworcs9r,ELtyxFUVzxKt
crobjant9s,TNZdNk
mbaud9t,KOWtCVasodo
toxlee9u,IzrFPr
vphair9v,YsMSuCw
dyu9w,KhP2cXz6i
ecalan9x,xCBb5PXl
erobertz9y,8RZwCHOO
lnestle9z,3FEOEbuFaf
mstoraha0,OCKE72K
ekingsforda1,MbrFsJ7f
chemmingwaya2,Rm0af0
cdishmona3,G3nNj0S
omertona4,tegeVYUZ
mwhostona5,ubJfsuq4
twinterbothama6,Fmlv2V
stiesa7,rFSZVl08WVmY
herata8,byjEhg
fgerreltsa9,N8hXeGcSci80
mfarrellaa,9G826tRey1G
shawkswoodab,Dbdh0zVVTmI
kpavittac,uSyfvpooUzI
echattelainead,sNK4WC
nviscoviae,9Yl0nidKH5p
kdaykinaf,2335Fj43Hq0s
sigounetag,7n9CWH5t
emckilroeah,Vg7qUwka1
dpeepallai,AGEwBqX4CzmC
spobjayaj,XVW5yxWh2T
mblandfordak,zEMs1AIKH
jdelayglesiasal,8g5jCL
asnelgaram,XU69tuXgD
telldredan,RUTnlZX
gkowalikao,qGYjCv9Dmwye
mskaifedingerthorpeap,XTsKrfQ0VVQ
tshuxsmithaq,I7R9jx96AtI
lwidmorear,3l8OpKMwH
lmeaneyas,wpWsqKZ
ssharrattat,kZRIbvKxQGKx
zfrudeau,AnLY3qcVq
idenesav,GcfKHs1Zwx
hdeversonaw,43LY8mJDgtCE
bmchanax,b7WZ7Ptuo
tluxonay,VMSCZsjenU
hduleyaz,9IHMhf3Bm
nohanessianb0,vDlBVeZ0jy
bcowellb1,8Pldt2X93a
yeakleyb2,Yi1CX6VE
tsamwaysb3,3qs7OTd
gislandb4,fJusl6r1i9
emcshirieb5,RY9ZpGvdrvx
vhoylesb6,TSDbOoLap
yruddiforthb7,B0WHTUkQG9
clockeb8,JYgFuC
pbattsb9,jgw9l7BDj8sr
dzaniolettiba,9qVSUSjP38mq
gdacresbb,xN3N4f
jsimonetonbc,xAcq37g
fgeldartbd,CCgGnf4v
nbylesbe,Y0ZCkg
asaintsburybf,LqPSQjbywX0u
cloadmanbg,ebaIhpirt
bswafferbh,yQfAam8L
pkembleybi,IB0pFTLoqkjg
lwoodisonbj,2kzplbFce5
esellarsbk,tvY7V5Roc
lkinghbl,KsBvgF
cbeesbm,pTJnBt7C
pneubiginbn,pZYBO8pcc
sbrozbo,tq7fuEb8sCb
ekimblenbp,ViGGOL
hmcmenemybq,7dBxVqUXuzF
mshervilbr,bnBDkmTCio7
vdighthambs,c5XNQN9lZC
wkinvanbt,654W3NfHbFA
hbeazeybu,V4Q7fp8dEE
adeexbv,OM3EAra9J
ytreleavenbw,9D21EIemF
njorgebx,nh07FjMMH1ra
jmounterby,aUfnv1P
dkilleenbz,LBWk0IQ
ggallowayc0,XDt4GH
aorbellc1,dEe9IKeI7
vtarboxc2,jXOASPME8lMh
dmerringtonc3,SEp8ZNu
ascarboroughc4,Jn1KB9Y
rdiamantc5,PI7d6V
cdockrillc6,4eaeb2g
gdinkinc7,alVorHlJ75
crenshallc8,fpLAyKxebUJ
aangovec9,uB2Ath
bpopleeca,Aq0AOUp4QOL
yantonowiczcb,EeOOcd
iseargeantcc,LysEtPhUOTPQ
rolennachaincd,1WhYOzHy
uwalworchece,EmLZwDzHJ
qbenedictecf,dJe3nA
kstanworthcg,hi3MkqpX
nskeffingtonch,0wg3LC
dchessci,xsWJO15To
pbutertoncj,jwpZs2KCRa
lsharphurstck,FS3Y35
kchopycl,frqnXmga
rscatchardcm,geYSRRWlgi
hwestleycn,bbEJzOvYxmf3
grodgersco,1FOn93
edeangeliscp,JisRpisz1fB
dmorancq,uAgljdO
dotterycr,k0P9BmD
bpendlingtoncs,tKp2cwEX09qm
kchesserct,l83sTiPPzJkA
ljoutapaitiscu,Ygb2s3m3
kdenisotcv,uBFSoxwCe
dbendlecw,1UQGxhJ
snavarrecx,YPvRdnwx
dgunthercy,Eu12yt16HqDp
glaightcz,arDU43RxsY
ccottomd0,JAzkfQaKo6
cgummowd1,1aNb8qSdh
dturvilled2,neLdnsrOaUD
mdavetd3,uQxiZBt2k
atacond4,VQq7Rh4p
llevertond5,x9ANNP
pmcvittyd6,EKUTMUb41
aocorriganed7,bu4b7qYQ
cwebberd8,YE3cQK9iFBX2
mblitzd9,3YUSzBZ
mkenenda,AIrmA8NKQy
kmccruddendb,EpJEL9
qgalbraethdc,8JprLiXK
nfortydd,J6lUzrjM
critchde,oFjY4U2bea6
brobbendf,GmoaaTQPyb
cliddyarddg,bcSk2Dsoy
chinnersdh,6l3ucN
nrickerddi,LXhqJjnNZ06y
cmaylordj,Tb8PRO
larnoultdk,ilWXrU5PeOX
mbaptistdl,LtCeKalfNt
rlabbedm,bSTBXx1
cridesdaledn,LNHbcVIz
epoweleedo,hDU1UPX
kpresseydp,Aj6o0h
gbayntondq,rx1NDQp7ckZQ
osalledr,G3L5ZI0
gboninds,zXz2ijZebm30
nfreeburndt,MLQHnAh
hgracewooddu,L95GyW
owaitlanddv,lC9NvKfdrTQs
kbaldazzidw,NV8PoquO
heasthamdx,rSqUiwNVwEr
ttattershawdy,1zQol1DufGyH
kinglesantdz,Tvi0OXnshO
mfalconbridgee0,XExWe5R0
rdunse1,jkJWP810
bcryselle2,PMX3ep
wpearlmane3,cNckMZMqIe
aargabritee4,oaRa6FNYv1j
mcapee5,UeOxYfE2Wv
nkimblee6,55qg7ATyP3
thucksteppe7,mbcon3j
bsearbye8,EJEnnlAsA8X
bmccuishe9,KY6cDY0Cl
rleatonea,yKJib6lwx
rrichlyeb,DjVgwD
sbriggsec,B2X94qxpI
erogersed,ZBwrrZbA
ggreeneee,IeNIKexZ
sduckeref,WLqFQc1kKfM
amachosteeg,uNZxwoHcaX
mbiagionieh,ruGICgic4RHz
hhoflerei,FHcbmpOe
apunchardej,WQagI5WF
bwillettek,83CIfqA
omurrael,TtL2TD3ZoF1
wmatijasevicem,VpzYhD81vn
lloxleyen,hQqaE3m40
nfisheo,KLXXMF8KU7E
bserminep,4DZKHvYq
bcamellinieq,71aozq0tgjA
abrasher,KSU3vNNtv
kjanuarystes,mrZQ5TV
rwitherbyet,Z7rQplDf
bcastleseu,F5YWeNqBqH
ctinsonev,nDpVXy
jhavickew,3gmiPJrf2d
mkupkaex,g6Tfyg5Nq
dpickthalley,5R9ROejg
mkimblingez,SpV40NjHCWZN
dwheldonf0,OnpEN7x
bklaassensf1,1iaZPFo
phowef2,72WkLeJ6r
amcconaghyf3,k3OGRHT
rsymmsf4,z7JjnOhRcm
efranzewitchf5,ob33ByiVlXNQ
wheffyf6,Jf3y8Kx39pAf
bskillf7,ljy2fOdlrJ6N
bmazonowiczf8,WIKB8n3K
nhowkinsf9,qMzHGuN
avivianfa,N2Mhh5QsC6
lrobbertfb,zBdVJ4c
flongmorefc,en4jmR3sze
apattesallfd,s4Usn4
ggilfordfe,PcNB0pJrm
cblueff,TlpK75
ggeddisfg,pFml9Lw
emcareaveyfh,XRoWg0oR4de
utapefi,8UIikmoFBC4y
lmaywoodfj,jJlRJzmOHq
adimsdalefk,d7gvzOjy7y
sclineckfl,aiqeL9
mbyromfm,cdOCI6herWt3
gbellasfn,Clkgwv
nspaightfo,1yo1x1zp74H
tbittertonfp,JTi5JBq4yo
cdeenyfq,ToQxf5HKkb
mtarverfr,XacD6jLJa9V
kbohlinfs,YdN94bwcrr
nskaseft,InjGfW
hsurcombfu,w6d2JjC
hbarefootfv,fQ76tuGoxq
baizikovfw,vGjIErWQf
dpragnellfx,zjrdoPaoCOJy
dsouthgatefy,LDkAjyW
moconnelfz,6t0aVJjVvR
lroiseng0,zTtHbjFxy
hbaumeg1,XPYeid
pcrumbleholmeg2,UV6s5Cet
amcinteeg3,kxU39Q
sfeoreg4,phjnYqTyd0M
ebiggsg5,Yf6hNXmpuAxz
eclayeg6,y4WXcixwGrF
devisong7,JxtCXzrVu
imccloshg8,wsv7AQD
aakkerg9,M10mmBx
bfancettga,ExeyTk5
shopkynsongb,wjshs4P
rseabrockegc,vZKt81
dbartelotgd,N8ARJ92J7t
dbeyerge,4hFTOj6BioS
lbetzgf,QRvLe8A
esolongg,izBORxi
tfatschergh,qAG1bANVvrR7
gdomsallagi,jV3zV7cVrya
kmellmothgj,UMJD7uuyre
nbasinigazzigk,joUusXI
sriolfigl,GmVBAWV
rsummerrellgm,DDehlwOmNuhL
chastewellgn,ccupWuKmR
toxbiego,hXUFl5F4v
iteglergp,amnL21CVb
lbillboroughgq,0zAgZV
ebetzgr,euYQMf
ajebbgs,mUdWcJ14SWLg
hauldsgt,8awwDPu
mcorckgu,x5r1cy7cz
ahoulahangv,KoxW5T82iHS
hbroadisgw,6X0YjIN1
mallmarkgx,tLocXrmmil
hwattongy,ikO37t3f
hspinellagz,vhUklWt
vkirkbrighth0,mlKTh9tiV
gmcowish1,lvFbCz
gmonellih2,PTxUkwS
hlinnetth3,7foLqqwhhne
broadsh4,ko8EDurK
hlowdyaneh5,edUCW2G7r86Q
ndibberth6,zgTRznQo
djelkesh7,Hg16Ctt2
adarringtonh8,NDp1KXVQp63O
tgabbath9,XWcp3lXTFKSq
jmathiesonha,VHgAR9g1o
rcatterollhb,bfZirlR0bFd
mdillintonhc,WyxezwQYiW9
ilambarthd,Qusokj
cbingellhe,QYZgcbSFYh
sstackbridgehf,Zws2j2L
lhoulsonhg,wTxAB5DgNi
dgriffithehh,fhcFKyU6GoW
afilippovhi,eLcsPvwQKOv
pcrosthwaitehj,8u5doF2wgcT
markillhk,vtRUhw3
mdaouthl,eJosLO
jmclagganhm,GY5Hbn
hblundanhn,SG918ObfS
bhabornho,0Xb3zb
wstrakerhp,84U39Zbt3
derangyhq,6IFdqgj
atembletthr,5G2C6xRUDAfp
gdelacrouxhs,ULdPRj
ptippertonht,vXxeAaivuKX
tfilonhu,pMQO5itK
jloryhv,K215LnPlC
aandriessehw,VlnMZsv6E
mantunezhx,Xw5OYr5BA0
dtommasettihy,Mfk4aFl3Sl4
dgrattagehz,hdueCq5Nm
jtrunbyi0,VGnhhrj
vyeelesi1,grPA95upGsc
twooleni2,r1lwB3UXd
mbeckeyi3,zmAwq2j8Ivh
adainesi4,fGKmNsYmJx9m
rwigfalli5,Qbuc0w
cbackhursti6,wUKb16
fbussensi7,O3laMGFMw
rplaschkei8,bPl52cuEpvK
ccoraini9,WLj8L4J
eburrissia,jjCOOpkMPJg
bechib,ykibcWVYtx3A
ekubekic,wgz0RlkDh6Y
sraffinid,SlzNxAOquk
vtabordie,gQFNwfGKK
tberryif,ZwuOstPv
lcoochig,rdEQioJ
jdurmanih,ocKMMNg
arenolii,jqwXO7vy8x7
afreanij,ODqxVRNP7y9
achaterik,GT5Pq6c6kou
tjosefovicil,SevEIw9
tengelim,jzCIAQDeru
gkopferin,ESWPSB
bsalthouseio,jFCwiZL5
hwheeldonip,6CSBflOn
khendricksoniq,AnnQM9euR8fa
venrichir,dCWuxxI
sculpanis,ErA89WoXpL
jhuckerbyit,n9hCLxAa
mgarrouldiu,lRe08OnaC
acasariniiv,Mwha6vY
rpidginiw,4pufYn
dklimowskiix,eqiwT7rJj3
mkelwayiy,DwDP1rSOxvj2
hpenaiz,sljIaZYG2c2
djakabj0,ZYTlpRHNlFYP
gmiddellj1,iOM1VBvcgh
asturgisj2,GBy6TB
dvanninij3,cE0HQ5
iverrillj4,FuMYLNeSy7
tsargisonj5,QKmUKc0ucJ4o
tmackiej6,603Uc2sgiPU7
kbuttonj7,WYySs0hLzQ
jraimanj8,z9nw89m4EZFG
mambrogellij9,yh3xAk
khuckfieldja,yeLHIq2P2
vbelderfieldjb,hJQlfQj1v
rtearjc,omeE6LvHNM
emallyajd,OGV4HAgYZtx
strevarthenje,Y7CiX3unM
rgrzelczykjf,QC1aJCbF7
mmccaheyjg,l7GPCc
cdanilewiczjh,9LtOhjg
agrogerji,0ZDROIjpyl
siacoviellojj,z4e7GqXM
sgorryjk,81CVyHu
klabronejl,5v6BeC9N4Cit
mpatientjm,bjh4yJkU
stheakerjn,CJU6tPz
jollerheadjo,wEBwdA4AU3wq
lblondinjp,JIKYkY
bbowkleyjq,EcII9oqC
abuneyjr,xsfoQK1q1
wjanousekjs,LAZrC04im
rjeremaesjt,RbOK1R
tfoloninju,3LyW63fH
bclaibournjv,SW9PIB
icameljw,jyjGlDwm
dstorrjx,cAPVOKDN3WS
fskynerjy,KvPQUCgKb
rkalinowskyjz,2xt5QndQo
cpoylek0,HMjVazTnAlUI
sglovesk1,JLaCeKp9y2
rducarmek2,81pVYEhn2
jnickollk3,KqWkoga
apulequek4,AACbFWm
amatthiask5,SXUXbMao
aanyenek6,gHJmcvH7W3A0
hloomesk7,6YnGbbwEjCF
ralflattk8,B7qNQhVxWcA
efowlek9,znLbA6Zm
fsofeka,KFG6Xx
dstammerkb,5vflURv
dbertwistlekc,c71ETNL
aribbonkd,zx1MZ102hav
htourleke,tKMhZwtCGu
cbrankleykf,UYfAGmez
akemekg,5qOts0xovXb
tandraschkh,DV1WvMqE
cbartrumki,3EpNuQ
mpueskj,v0DbXx
gpfeiferkk,6py2jVkWnx
pslogrovekl,URDoEl
cdickiekm,m4sH9SAD
cpairemankn,vikNpmYgjZf
pmcrobertko,W1xQMhIum2EK
jstrutkp,WPntV2JdGG
codonnellkq,UaryzAmO8
vbabingtonkr,jD2aQzU2IuZS
sgoselingks,6BqY0WM7G
yaffronkt,DPS7iyZjMpod
dlindlku,4j0KUe65X
adouglisskv,aEhsdnZT43
asweedykw,Wak9h17
rskadekx,1L7fO5bJG0
gmcmeylerky,gdpfnIB8
uvanhalenkz,6jtpHtNV3V
phughlockl0,xYocZjArYVU
mclellandl1,8kbnbK83Q0
tdomesdayl2,p5vVbU6LmxG
nmceloryl3,Lu9RLPDNv
bgallegol4,bCWSrmM3
scurreenl5,oWel74QJ8A
cmattiuzzil6,nazmEq1
srosboroughl7,tzdrvz1
jwarbeysl8,ri098wJIAwX
bbarbiel9,533RwJ72N5JN
hbeadnallla,B4bHNwh1HQ8
jbladonlb,dTJUi4YDCo
alarganlc,StMSuJK
avearld,80bWXJG42I
mpostanle,lQ6TdtUwa
eskrineslf,6F49D0sd
ebartleetlg,DKNAq5
agirklh,5eIgBvxTei4
cbedrosianli,wpfloahKnj
rminchelllj,pKvErLj87bE
cgaleslk,B319X7hzCP
gkiddlell,WmuFbaP
rchasteneylm,vZ4hcJCkF
rcharerln,90bDd9OWY
stomickilo,ku8oXdL
fsilverthornlp,xYD5Fu
ipallentlq,jNzjB1H6P
sperreelr,wLf0mFwntHBN
lpoulstonls,uGmsFV3zqY4
pgledelt,BrumeX9UwKhv
atrulockelu,mtZjoL
fharkerlv,jxucrQ
kgilhoolielw,eFsq7UPyGY
mevertonlx,GVLZ62XAgEv
arobbsly,SdqKrX6
jwollrauchlz,oScTNV
kclemettm0,UF2xCTGffn
ayurshevm1,fbiRg0oGEh
bpoxsonm2,I3khzrF1Shx
alantiffm3,halIdHRR8
mgarattym4,ztnerdP
scullingworthm5,oazfSjmJT1
bjullm6,UvMguM
bcattemullm7,Ng8SttP2dJz
ngerrym8,h8oKWBuo7
cberriem9,EXzbCv2o17aE
cmunnionma,f1ofhuRZK
njagermb,YstrbYsdCiwz
kcoskerrymc,KQDNkFb
cplettsmd,i4DIsL
kspallsme,QtrZ7n
rreyesmf,a6oAsT
rivesmg,WMuMm0XI
nfinnimoremh,hkX6xl8evQV
jpearsonmi,6m6rldZ8O
zsodeaumj,Sg319H
arounsivallmk,7P5VKzQY
mharryml,SiSMLi
ffuzzardmm,hCWMsoSd
ccrehanmn,1ShWa2
rlalondemo,9z4rzauDhib
jmistrymp,sOFx33
kohearnmq,zRzap0kb
tbalthasarmr,DVwofWRt
mbamburyms,JfHZLz
jmantrippmt,x67CjtCvs
csharplymu,EIofZwR7H
ygregoremv,cMms2Bjc8bRs
wjennawaymw,20mNd4nzLTm1
teakensmx,eF5MH5XKgT
bobertmy,L3oJP6KHT
hjordonmz,Xt2nLHWfrV
rlewinsn0,f2toyKmei
dgodingn1,c0j2Y0ev
lsilbersakn2,6kOLGVHGBuyv
nsearlesn3,eQ3EIwc
sburln4,FYwTmp
nsoldnern5,WX1qpVSnu
lrottern6,qPMayz
cputsonn7,d2rWtHmjo
soehmn8,lxiuFTIu6yAD
bgarmonn9,ztWdi4G7S
scromleyna,zptaUMlu
dingerithnb,mycU0sN
kaushernc,gbbinAt6fcve
cbirckmannnd,ARIqKDM0c
mreavellne,lRc4DvFRn
smacsporrannf,HQRFFH
bbellochng,CZF30Qlqw
sdorgonnh,4RRd1If9E
pmangenotni,SzeIEPIlSO
jnuschkenj,TObrkx1IsA
gludfordnk,0XzS7yyKqgZL
wmayounl,cINE4CpAb
edunhillnm,eoukPUZOe
gskermnn,JnKqi4re
sattwellno,VjlB7uGs
ejarmynnp,VskQKRs5
bbodmannq,DZk50EU
ngrigolashvillnr,h9skAnsxmy
pizsakns,ecKt1apy15
aertnt,1M9j431Qu
fduboisnu,7n3zP6o4
agrewenv,7fMj7fdeqF50
mhuskinsonnw,TdApEB24w
dtoolinnx,HcFz17lSLO7
adomoneny,cl3BIaFnB
nmckeonnz,ChR5d0HTOv
jhastingso0,YDIuTloc0
cpercifero1,W1BWodrBzPg
rfrowingo2,G2yLazxBJo
afellneeo3,unh4hMrczI
hchaziero4,dpCKGaO
hheavyo5,xli1ixC
bseymouro6,rxfNzgR
ldaudo7,z9bFF6T9PJUi
ncomiskeyo8,vSlHlkQqZqq
wniemetzo9,IOmDWKAuz
rstquentinoa,mJwkHC7VHj7o
lknivettob,DtRBHh9Hj
mmathevonoc,K1UmIZ0x
lwyeod,zUROd5YZVvi
bbetseroe,EaLXjk
dtwallinof,2rstEWfqj
kmacgianyog,ndgqizu
rburkhilloh,UeqOEd6CIg
aedseroi,PsO22RRm
wsvaninioj,WKoz8jn24xX
amcilwainok,WgJy80
tmawdittol,xoLLurpF1
jschoularom,R3VyIGz
chightownon,gwCHHmtHkw
lkimbelloo,wpiqwpqlvRo
cmetterickeop,uiLQpGS1tE3
kspearsoq,xFvDp8X1
yhelleror,9uf7SuvA8
estannettos,zIvhRp18
rpicknettot,nSpCDScr5
mswansonou,prclKY
veisenbergov,ibnd35LK
obaswallow,XaVdM6yh
iclissellox,8CqjxVyERj
sbeedonoy,xj1FW40Fy
afouchoz,za1YLpN
eframminghamp0,oQfOUFaiVlks
cdibdenp1,20jUBfn6
zharoldp2,zNd4RimokM2n
cmargettsp3,7PtGrhCts
epantinp4,bpsu9LwNt
msewillp5,AkuPwu
pgingelp6,RW8YvFoy6WS
sfrostdykep7,jXauZIkw
smacaindreisp8,VCa0hQLo0
ileveretp9,eDvY6b
spaladinipa,9tibZ52
lgrunguerpb,TAaTE5vlM
cblandamorepc,1X0qL3Hpy
mguddpd,j6FjyJ8Kxa
agreenroadpe,g3k5jhgUNxX3
brustanpf,Z4eXJpImKVo
cburfordpg,3sctt8p2cn3
aepiletph,T1Pi3NZVz
karmorpi,ZPrBjiJDr
pmostynpj,gnPNPMaFTQ5
bcrewtherpk,Q1mR7z8c4zTz
vgosneypl,C5iaZrHAza
gjosuweitpm,fUVvtY2saKh
gpowispn,iWDv39X6oK
mswannpo,6LxCOh4mIzo
dbernocchipp,9PpBRn
cparletpq,MXnvOB2P
badcockspr,zQ1yFMBDLR
bbenoitps,g941cAUel
sspallpt,8AlAaIH
ahemmspu,XLoa5SfWCXL
lsmallridgepv,mxRns6n
ipowispw,5UDsKxFsXY
bmcjarrowpx,Rx4tKYd
njirzikpy,HKrueQvUZe9D
epalfreemanpz,0eF64tD1h
jbownessq0,Apk46qA
cangerq1,SkBVVJ
vzorenerq2,g0Pt8CBWaO8
vdamrellq3,qM6ZcN2cuV2
gcristoforettiq4,yLH1eGrKYV
gbabinskiq5,Lm8PUNKP7wi
tbaddowq6,PfclcK
mcastagnetq7,8g4v6zF0rn
jtrevershq8,ZGAkKhlEBzkA
kbrownseyq9,dvQ00vpPL9I
glafflinqa,BwdiQceC1
mbraniganqb,icwceYL
ctwigleyqc,h8ZAdJ6VT
hlewsonqd,R2l1iX
bkhominqe,4lt2uJ4T
dsearchwellqf,CXzsRzTdkv
kboncoeurqg,hRaNi2zKcOrf
calgyqh,RBLeflusmnU
rhenzeqi,Ykghzj
esieneqj,pGcGQf9O7Wu
sdenziloeqk,p6f0O7Y
dglanzql,jAguceq
afiddemanqm,omR7d9e
mhullockqn,a8GkczL
wlubertoqo,DOUixADSyy7
saronsteinqp,DlU7K426
sberthodqq,FT5zmhqFwt
dskittrellqr,gIhmK6M
mdavenhallqs,0VrmRQ4nL42e
yradishqt,q0xuBO0
abourgourqu,R5r6Fj3oV3pd
amacclenanqv,WzjMtc
joliddyqw,gODi2OETCZJk
areinersqx,pJVbQZ75O
kmeiningenqy,F0KvzL6
dvurleyqz,7ZGPvWvTu
sendsr0,DGE6Lujbg
rainsleer1,RLbUFx
tthackstonr2,EoPZOAEut
mdrynanr3,Enu2TgbP
jcosansr4,66U8a126Xgi
ldoggartr5,WOepzM
dsambellsr6,KZbda5WDtYV
tletsonr7,87bMvwGwa2L
eoneillr8,mT9TbRF4hVd
lbumr9,MLgrIHVc
mobleinra,EF9XWWTB9nG
mhatherleyrb,LGY3Nq3Bz
mcleggrc,5V3aSauMnEo
cerbainrd,iTojwkxx
ahamsonre,7yo049y1K
dstichelrf,CqRFly
hthorneyworkrg,W27hzUJ1wC
cmercerrh,h4uP5Aq4OS
lreinri,ciRClX
mkobarj,HvrN1f
eveltmanrk,uSlVPSbicU
oonyonrl,cFuUMQzy
ngraylingrm,1tv3B97Y0
swalsomrn,zY7vunq
wivanilovro,HnISrVkX
bstockmanrp,5l9Ymc3Afql
apoulneyrq,iJAJPeEm31
gzimarr,vF9Vr8aZTXqo
